percent_of_dataset_as_training,mae,mae_base,mae_onehot
10,0.241804592,0.23712954,0.263223879
20,0.229018659,0.214284264,0.23995349
30,0.21534305,0.200148187,0.228582707
40,0.213643779,0.191959545,0.220759299
50,0.207367275,0.189030617,0.217944834
60,0.200152803,0.182031415,0.211198379
70,0.195845185,0.178416547,0.207978391
80,0.196139844,0.176096841,0.204975501
90,0.19094916,0.169910446,0.200187389
