percent_of_dataset_as_training,mae,mae_base,mae_onehot
10,0.44769229,0.432070568,0.471513346
20,0.435654038,0.417830268,0.450375308
30,0.417068911,0.410909323,0.439171261
40,0.416604926,0.402060319,0.428388778
50,0.410247848,0.398356034,0.420705463
60,0.404934733,0.388690478,0.422199336
70,0.387870466,0.371999298,0.416156313
80,0.372864242,0.365547405,0.412842062
90,0.367580066,0.348439095,0.404925764
