percent_of_dataset_as_training,mae,mae_base,mae_onehot
10,0.591287365,0.588695683,0.615338698
20,0.550602831,0.53066176,0.564924588
30,0.526546837,0.504523974,0.543750194
40,0.510060161,0.484242965,0.525355544
50,0.494036906,0.467289812,0.513488135
60,0.482592599,0.452449947,0.501089355
70,0.474695296,0.444750694,0.50448753
80,0.47259236,0.438169692,0.494555005
90,0.455156602,0.417761079,0.49384714
