percent_of_dataset_as_training,mae,mae_base,mae_onehot
10,168.7493999,178.804736,196.5873091
20,128.6513358,135.2801324,161.3435654
30,124.3776817,130.4857529,151.5911315
40,114.3472402,120.0544037,135.0895275
50,104.0567406,107.6072988,122.0398969
60,96.63149928,98.56680705,117.4088877
70,90.95412819,92.93523362,111.9806512
80,87.79731868,88.07426096,106.9756474
90,85.84224642,86.68765376,106.4101476
