percent_of_dataset_as_training,mae,mae_base,mae_onehot
10,0.714287316,0.71181652,0.753452474
20,0.632054878,0.623534554,0.670994397
30,0.610546264,0.600290132,0.632777924
40,0.602270606,0.58672157,0.625288824
50,0.581686938,0.572062656,0.605746274
60,0.567228977,0.556038678,0.592878354
70,0.54816402,0.540404255,0.584984575
80,0.543312646,0.527806633,0.548795064
90,0.518961841,0.502991862,0.523094149
